IPRESS	IPRESS_NOMBRE
00008036	POLICLINICO PNP ABANCAY
00009296	POLICLINICO PNP. CAJAMARCA 
00010148	POLICLINICO PNP PUCALLPA
00010205	POLICLINICO PNP HUARAZ
00010235	POLICLINICO PNP PUNO
00010236	POSTA MEDICA PNP JULIACA
00010451	POLICLINICO PNP VIPOL
00010679	POLICLINICO PNP "AMG" PIURA
00010688	POSTA MEDICAPNP SULLANA
00010710	POLICLINICO PNP HUANCAYO
00011154	POLICLINICO PNP TRUJILLO
00011398	POLICLINICO PNP CHINCHA
00011421	POLICLINICO PNP HUANUCO
00011426	POLICLINICO POLICIAL DE AYACUCHO
00011528	POLICLINICO PNP TACNA
00011743	POLICLINICO PNP SANTA ROSA - CUZCO
00011794	HOSPITAL REGIONAL PNP AREQUIPA (JULIO PINTO)
00011833	HOSPITAL REGIONAL PNP CHICLAYO
00011894	POSTA MEDICA PNP CHINCHEROS
00012664	POSTA MEDICA PNP CARABAYLLO
00012739	POLICLINICO SAN DIEGO
00012740	POLICLINICO PNP. MININTER
00012923	POSTA MEDICA ETS PUENTE PIEDRA
00014718	HOSPITAL GERIATRICO PNP SAN JOSE
00015236	POSTA MEDICA PNP MOQUEGUA
00015771	POSTA MEDICA PNP TINGO MARIA
00016094	HOSPITAL PNP AUGUSTO B. LEGUIA
00017849	POSTA MEDICA PNP CAÑETE
00018077	POLICLINICO POLICIAL MOYOBAMBA
00018106	POLICLINICO PNP BAGUA GRANDE
00019390	POSTA MEDICA PNP ETS. SAN BARTOLO
00027415	POSTA MEDICA POLICIAL EETSP PNP AYACUCHO
