PERIODO,NIVEL_IPRESS,IPRESS,IPRESS_NOMBRE,CPMS,CPMS_RESUMEN,FUENTE,TRASLADOS,PACIENTES
202501,NIVEL I,00008036,POLICLINICO PNP ABANCAY,99441,Traslado sin riesgo,SEIS,1,1
202501,NIVEL I,00008036,POLICLINICO PNP ABANCAY,99442,Transporte asistido básico,SEIS,4,4
202501,NIVEL I,00010679,"POLICLINICO PNP ""AMG"" PIURA",99441,Traslado sin riesgo,SEIS,1,1
202501,NIVEL I,00010710,POLICLINICO PNP HUANCAYO,99441,Traslado sin riesgo,SEIS,1,1
202501,NIVEL I,00011154,POLICLINICO PNP TRUJILLO,99441,Traslado sin riesgo,SEIS,1,1
202501,NIVEL I,00011154,POLICLINICO PNP TRUJILLO,99441.02,Traslado sin riesgo (30 min adic.),SEIS,1,1
202501,NIVEL I,00011426,POLICLINICO POLICIAL DE AYACUCHO,99441,Traslado sin riesgo,SEIS,2,2
202501,NIVEL I,00011743,POLICLINICO PNP SANTA ROSA - CUZCO,99441,Traslado sin riesgo,SEIS,6,6
202501,NIVEL I,00012739,POLICLINICO SAN DIEGO,99441,Traslado sin riesgo,SEIS,3,3
202501,NIVEL I,00018106,POLICLINICO PNP BAGUA GRANDE,99441,Traslado sin riesgo,SEIS,1,1
202501,NIVEL II,00011794,HOSPITAL REGIONAL PNP AREQUIPA (JULIO PINTO),99441,Traslado sin riesgo,SEIS,17,15
202501,NIVEL II,00011794,HOSPITAL REGIONAL PNP AREQUIPA (JULIO PINTO),99441.02,Traslado sin riesgo (30 min adic.),SEIS,6,6
202501,NIVEL II,00011794,HOSPITAL REGIONAL PNP AREQUIPA (JULIO PINTO),99442.01,Transporte asistido básico (30 min adic.),SEIS,14,12
202501,NIVEL II,00011833,HOSPITAL REGIONAL PNP CHICLAYO,99441,Traslado sin riesgo,SEIS,5,5
202501,NIVEL II,00011833,HOSPITAL REGIONAL PNP CHICLAYO,99441.02,Traslado sin riesgo (30 min adic.),SEIS,5,5
202501,NIVEL II,00014718,HOSPITAL GERIATRICO PNP SAN JOSE,99441,Traslado sin riesgo,SEIS,9,8
202501,NIVEL II,00014718,HOSPITAL GERIATRICO PNP SAN JOSE,99442,Transporte asistido básico,SEIS,1,1
202501,NIVEL II,00016094,HOSPITAL PNP AUGUSTO B. LEGUIA,99441,Traslado sin riesgo,SEIS,12,12
202501,NIVEL II,00016094,HOSPITAL PNP AUGUSTO B. LEGUIA,99441.02,Traslado sin riesgo (30 min adic.),SEIS,5,5
202501,NIVEL II,00016094,HOSPITAL PNP AUGUSTO B. LEGUIA,99442,Transporte asistido básico,SEIS,1,1
202501,NIVEL II,00016094,HOSPITAL PNP AUGUSTO B. LEGUIA,99442.01,Transporte asistido básico (30 min adic.),SEIS,1,1
202502,NIVEL I,00008036,POLICLINICO PNP ABANCAY,99441,Traslado sin riesgo,SEIS,1,1
202502,NIVEL I,00008036,POLICLINICO PNP ABANCAY,99441.02,Traslado sin riesgo (30 min adic.),SEIS,1,1
202502,NIVEL I,00008036,POLICLINICO PNP ABANCAY,99442,Transporte asistido básico,SEIS,7,7
202502,NIVEL I,00010679,"POLICLINICO PNP ""AMG"" PIURA",99441,Traslado sin riesgo,SEIS,3,3
202502,NIVEL I,00010679,"POLICLINICO PNP ""AMG"" PIURA",99441.02,Traslado sin riesgo (30 min adic.),SEIS,1,1
202502,NIVEL I,00011154,POLICLINICO PNP TRUJILLO,99441,Traslado sin riesgo,SEIS,2,2
202502,NIVEL I,00011528,POLICLINICO PNP TACNA,99441,Traslado sin riesgo,SEIS,2,2
202502,NIVEL I,00011743,POLICLINICO PNP SANTA ROSA - CUZCO,99441,Traslado sin riesgo,SEIS,10,9
202502,NIVEL I,00011743,POLICLINICO PNP SANTA ROSA - CUZCO,99442,Transporte asistido básico,SEIS,3,3
202502,NIVEL I,00012923,POSTA MEDICA ETS PUENTE PIEDRA,99441,Traslado sin riesgo,SEIS,1,1
202502,NIVEL I,00018106,POLICLINICO PNP BAGUA GRANDE,99441,Traslado sin riesgo,SEIS,2,2
202502,NIVEL II,00011794,HOSPITAL REGIONAL PNP AREQUIPA (JULIO PINTO),99441,Traslado sin riesgo,SEIS,16,15
202502,NIVEL II,00011794,HOSPITAL REGIONAL PNP AREQUIPA (JULIO PINTO),99441.02,Traslado sin riesgo (30 min adic.),SEIS,2,2
202502,NIVEL II,00011794,HOSPITAL REGIONAL PNP AREQUIPA (JULIO PINTO),99442,Transporte asistido básico,SEIS,2,2
202502,NIVEL II,00011794,HOSPITAL REGIONAL PNP AREQUIPA (JULIO PINTO),99442.01,Transporte asistido básico (30 min adic.),SEIS,5,5
202502,NIVEL II,00014718,HOSPITAL GERIATRICO PNP SAN JOSE,99441,Traslado sin riesgo,SEIS,16,16
202502,NIVEL II,00014718,HOSPITAL GERIATRICO PNP SAN JOSE,99441.02,Traslado sin riesgo (30 min adic.),SEIS,1,1
202502,NIVEL II,00016094,HOSPITAL PNP AUGUSTO B. LEGUIA,99441,Traslado sin riesgo,SEIS,21,21
202502,NIVEL II,00016094,HOSPITAL PNP AUGUSTO B. LEGUIA,99441.02,Traslado sin riesgo (30 min adic.),SEIS,10,10
202502,NIVEL II,00016094,HOSPITAL PNP AUGUSTO B. LEGUIA,99442,Transporte asistido básico,SEIS,1,1
202503,NIVEL I,00008036,POLICLINICO PNP ABANCAY,99442,Transporte asistido básico,SEIS,2,2
202503,NIVEL I,00010451,POLICLINICO PNP VIPOL,99442,Transporte asistido básico,SIGESAPOL,1,1
202503,NIVEL I,00010679,"POLICLINICO PNP ""AMG"" PIURA",99441.02,Traslado sin riesgo (30 min adic.),SEIS,1,1
202503,NIVEL I,00010710,POLICLINICO PNP HUANCAYO,99441,Traslado sin riesgo,SEIS,2,2
202503,NIVEL I,00011154,POLICLINICO PNP TRUJILLO,99441,Traslado sin riesgo,SEIS,1,1
202503,NIVEL I,00011154,POLICLINICO PNP TRUJILLO,99441.02,Traslado sin riesgo (30 min adic.),SEIS,1,1
202503,NIVEL I,00011421,POLICLINICO PNP HUANUCO,99441,Traslado sin riesgo,SEIS,1,1
202503,NIVEL I,00011528,POLICLINICO PNP TACNA,99441,Traslado sin riesgo,SEIS,1,1
202503,NIVEL I,00011743,POLICLINICO PNP SANTA ROSA - CUZCO,99441,Traslado sin riesgo,SEIS,9,9
202503,NIVEL I,00011743,POLICLINICO PNP SANTA ROSA - CUZCO,99441.02,Traslado sin riesgo (30 min adic.),SEIS,4,3
202503,NIVEL I,00012739,POLICLINICO SAN DIEGO,99441,Traslado sin riesgo,SEIS,2,2
202503,NIVEL I,00012923,POSTA MEDICA ETS PUENTE PIEDRA,99441,Traslado sin riesgo,SEIS,2,2
202503,NIVEL I,00018106,POLICLINICO PNP BAGUA GRANDE,99441,Traslado sin riesgo,SEIS,4,4
202503,NIVEL II,00011794,HOSPITAL REGIONAL PNP AREQUIPA (JULIO PINTO),99441,Traslado sin riesgo,SEIS,5,5
202503,NIVEL II,00011794,HOSPITAL REGIONAL PNP AREQUIPA (JULIO PINTO),99442,Transporte asistido básico,SEIS,4,4
202503,NIVEL II,00011794,HOSPITAL REGIONAL PNP AREQUIPA (JULIO PINTO),99442.01,Transporte asistido básico (30 min adic.),SEIS,2,1
202503,NIVEL II,00014718,HOSPITAL GERIATRICO PNP SAN JOSE,99441,Traslado sin riesgo,SEIS,4,4
202503,NIVEL II,00016094,HOSPITAL PNP AUGUSTO B. LEGUIA,99441,Traslado sin riesgo,SEIS,17,17
202503,NIVEL II,00016094,HOSPITAL PNP AUGUSTO B. LEGUIA,99441.02,Traslado sin riesgo (30 min adic.),SEIS,17,17
202503,NIVEL II,00016094,HOSPITAL PNP AUGUSTO B. LEGUIA,99442,Transporte asistido básico,SEIS,3,3
202503,NIVEL II,00016094,HOSPITAL PNP AUGUSTO B. LEGUIA,99442.01,Transporte asistido básico (30 min adic.),SEIS,3,3
202503,NIVEL II,00016094,HOSPITAL PNP AUGUSTO B. LEGUIA,99443,Transporte asistido avanzado,SEIS,3,3
202504,NIVEL I,00008036,POLICLINICO PNP ABANCAY,99442,Transporte asistido básico,SEIS,3,3
202504,NIVEL I,00010235,POLICLINICO PNP PUNO,99441,Traslado sin riesgo,SEIS,1,1
202504,NIVEL I,00010235,POLICLINICO PNP PUNO,99442,Transporte asistido básico,SEIS,1,1
202504,NIVEL I,00010710,POLICLINICO PNP HUANCAYO,99441,Traslado sin riesgo,SEIS,2,2
202504,NIVEL I,00011421,POLICLINICO PNP HUANUCO,99441,Traslado sin riesgo,SEIS,1,1
202504,NIVEL I,00011421,POLICLINICO PNP HUANUCO,99442,Transporte asistido básico,SEIS,2,2
202504,NIVEL I,00011528,POLICLINICO PNP TACNA,99441,Traslado sin riesgo,SEIS,1,1
202504,NIVEL I,00011743,POLICLINICO PNP SANTA ROSA - CUZCO,99441,Traslado sin riesgo,SEIS,4,4
202504,NIVEL I,00011743,POLICLINICO PNP SANTA ROSA - CUZCO,99441.02,Traslado sin riesgo (30 min adic.),SEIS,1,1
202504,NIVEL I,00011743,POLICLINICO PNP SANTA ROSA - CUZCO,99442,Transporte asistido básico,SEIS,2,2
202504,NIVEL I,00012739,POLICLINICO SAN DIEGO,99441,Traslado sin riesgo,SEIS,1,1
202504,NIVEL I,00018106,POLICLINICO PNP BAGUA GRANDE,99441,Traslado sin riesgo,SEIS,5,5
202504,NIVEL II,00011794,HOSPITAL REGIONAL PNP AREQUIPA (JULIO PINTO),99441,Traslado sin riesgo,SEIS,5,5
202504,NIVEL II,00011794,HOSPITAL REGIONAL PNP AREQUIPA (JULIO PINTO),99441.02,Traslado sin riesgo (30 min adic.),SEIS,17,14
202504,NIVEL II,00011794,HOSPITAL REGIONAL PNP AREQUIPA (JULIO PINTO),99442,Transporte asistido básico,SEIS,1,1
202504,NIVEL II,00014718,HOSPITAL GERIATRICO PNP SAN JOSE,99441,Traslado sin riesgo,SEIS,7,7
202504,NIVEL II,00016094,HOSPITAL PNP AUGUSTO B. LEGUIA,99441,Traslado sin riesgo,SEIS,31,31
202504,NIVEL II,00016094,HOSPITAL PNP AUGUSTO B. LEGUIA,99441.02,Traslado sin riesgo (30 min adic.),SEIS,35,35
202504,NIVEL II,00016094,HOSPITAL PNP AUGUSTO B. LEGUIA,99442,Transporte asistido básico,SEIS,4,4
202504,NIVEL II,00016094,HOSPITAL PNP AUGUSTO B. LEGUIA,99442.01,Transporte asistido básico (30 min adic.),SEIS,3,3
202505,NIVEL I,00010679,"POLICLINICO PNP ""AMG"" PIURA",99441,Traslado sin riesgo,SEIS,1,1
202505,NIVEL I,00010710,POLICLINICO PNP HUANCAYO,99441,Traslado sin riesgo,SEIS,6,6
202505,NIVEL I,00011154,POLICLINICO PNP TRUJILLO,99441.02,Traslado sin riesgo (30 min adic.),SEIS,2,2
202505,NIVEL I,00011154,POLICLINICO PNP TRUJILLO,99442,Transporte asistido básico,SEIS,1,1
202505,NIVEL I,00011421,POLICLINICO PNP HUANUCO,99442,Transporte asistido básico,SEIS,4,4
202505,NIVEL I,00011743,POLICLINICO PNP SANTA ROSA - CUZCO,99441,Traslado sin riesgo,SEIS,12,12
202505,NIVEL I,00012739,POLICLINICO SAN DIEGO,99441,Traslado sin riesgo,SEIS,1,1
202505,NIVEL I,00018106,POLICLINICO PNP BAGUA GRANDE,99441,Traslado sin riesgo,SEIS,2,2
202505,NIVEL II,00011794,HOSPITAL REGIONAL PNP AREQUIPA (JULIO PINTO),99441,Traslado sin riesgo,SEIS,2,2
202505,NIVEL II,00011794,HOSPITAL REGIONAL PNP AREQUIPA (JULIO PINTO),99442,Transporte asistido básico,SEIS,2,2
202505,NIVEL II,00011833,HOSPITAL REGIONAL PNP CHICLAYO,99441,Traslado sin riesgo,SEIS,3,3
202505,NIVEL II,00011833,HOSPITAL REGIONAL PNP CHICLAYO,99441.02,Traslado sin riesgo (30 min adic.),SEIS,3,3
202505,NIVEL II,00014718,HOSPITAL GERIATRICO PNP SAN JOSE,99441,Traslado sin riesgo,SEIS,6,6
202505,NIVEL II,00014718,HOSPITAL GERIATRICO PNP SAN JOSE,99442,Transporte asistido básico,SEIS,1,1
202505,NIVEL II,00016094,HOSPITAL PNP AUGUSTO B. LEGUIA,99441,Traslado sin riesgo,SEIS,28,28
202505,NIVEL II,00016094,HOSPITAL PNP AUGUSTO B. LEGUIA,99441.02,Traslado sin riesgo (30 min adic.),SEIS,22,22
202505,NIVEL II,00016094,HOSPITAL PNP AUGUSTO B. LEGUIA,99443,Transporte asistido avanzado,SEIS,2,2
202506,NIVEL I,00008036,POLICLINICO PNP ABANCAY,99442,Transporte asistido básico,SEIS,5,5
202506,NIVEL I,00010235,POLICLINICO PNP PUNO,99441,Traslado sin riesgo,SEIS,1,1
202506,NIVEL I,00010235,POLICLINICO PNP PUNO,99442,Transporte asistido básico,SEIS,1,1
202506,NIVEL I,00010236,POSTA MEDICA PNP JULIACA,99441,Traslado sin riesgo,SIGESAPOL,1,1
202506,NIVEL I,00010679,"POLICLINICO PNP ""AMG"" PIURA",99442,Transporte asistido básico,SEIS,7,7
202506,NIVEL I,00011528,POLICLINICO PNP TACNA,99441,Traslado sin riesgo,SEIS,1,1
202506,NIVEL I,00011743,POLICLINICO PNP SANTA ROSA - CUZCO,99441,Traslado sin riesgo,SEIS,6,6
202506,NIVEL II,00011794,HOSPITAL REGIONAL PNP AREQUIPA (JULIO PINTO),99441,Traslado sin riesgo,SEIS,5,5
202506,NIVEL II,00014718,HOSPITAL GERIATRICO PNP SAN JOSE,99441,Traslado sin riesgo,SEIS,4,4
202506,NIVEL II,00016094,HOSPITAL PNP AUGUSTO B. LEGUIA,99441,Traslado sin riesgo,SEIS,23,22
202506,NIVEL II,00016094,HOSPITAL PNP AUGUSTO B. LEGUIA,99441.02,Traslado sin riesgo (30 min adic.),SEIS,14,14
202506,NIVEL II,00016094,HOSPITAL PNP AUGUSTO B. LEGUIA,99443,Transporte asistido avanzado,SEIS,2,2
202507,NIVEL I,00008036,POLICLINICO PNP ABANCAY,99442,Transporte asistido básico,SEIS,1,1
202507,NIVEL I,00010205,POLICLINICO PNP HUARAZ,99442,Transporte asistido básico,SEIS,2,1
202507,NIVEL I,00010236,POSTA MEDICA PNP JULIACA,99441,Traslado sin riesgo,SEIS,1,1
202507,NIVEL I,00010679,"POLICLINICO PNP ""AMG"" PIURA",99442,Transporte asistido básico,SEIS,1,1
202507,NIVEL I,00010710,POLICLINICO PNP HUANCAYO,99441,Traslado sin riesgo,SEIS,1,1
202507,NIVEL I,00010710,POLICLINICO PNP HUANCAYO,99442,Transporte asistido básico,SEIS,1,1
202507,NIVEL I,00011421,POLICLINICO PNP HUANUCO,99441,Traslado sin riesgo,SEIS,2,2
202507,NIVEL I,00011421,POLICLINICO PNP HUANUCO,99442,Transporte asistido básico,SEIS,1,1
202507,NIVEL I,00011426,POLICLINICO POLICIAL DE AYACUCHO,99441,Traslado sin riesgo,SEIS,3,3
202507,NIVEL I,00011743,POLICLINICO PNP SANTA ROSA - CUZCO,99441,Traslado sin riesgo,SEIS,9,9
202507,NIVEL I,00018106,POLICLINICO PNP BAGUA GRANDE,99441,Traslado sin riesgo,SEIS,1,1
202507,NIVEL I,00027415,POSTA MEDICA POLICIAL EETSP PNP AYACUCHO,99441,Traslado sin riesgo,SEIS,1,1
202507,NIVEL II,00011794,HOSPITAL REGIONAL PNP AREQUIPA (JULIO PINTO),99441,Traslado sin riesgo,SEIS,4,4
202507,NIVEL II,00011794,HOSPITAL REGIONAL PNP AREQUIPA (JULIO PINTO),99441.02,Traslado sin riesgo (30 min adic.),SEIS,3,3
202507,NIVEL II,00011794,HOSPITAL REGIONAL PNP AREQUIPA (JULIO PINTO),99443,Transporte asistido avanzado,SEIS,1,1
202507,NIVEL II,00011833,HOSPITAL REGIONAL PNP CHICLAYO,99442.01,Transporte asistido básico (30 min adic.),SEIS,1,1
202507,NIVEL II,00014718,HOSPITAL GERIATRICO PNP SAN JOSE,99441,Traslado sin riesgo,SEIS,9,9
202507,NIVEL II,00016094,HOSPITAL PNP AUGUSTO B. LEGUIA,99441,Traslado sin riesgo,SEIS,12,12
202507,NIVEL II,00016094,HOSPITAL PNP AUGUSTO B. LEGUIA,99441.02,Traslado sin riesgo (30 min adic.),SEIS,15,15
202508,NIVEL I,00008036,POLICLINICO PNP ABANCAY,99441,Traslado sin riesgo,SEIS,1,1
202508,NIVEL I,00008036,POLICLINICO PNP ABANCAY,99441.02,Traslado sin riesgo (30 min adic.),SEIS,1,1
202508,NIVEL I,00010679,"POLICLINICO PNP ""AMG"" PIURA",99442,Transporte asistido básico,SEIS,1,1
202508,NIVEL I,00010710,POLICLINICO PNP HUANCAYO,99441,Traslado sin riesgo,SEIS,2,2
202508,NIVEL I,00011421,POLICLINICO PNP HUANUCO,99441,Traslado sin riesgo,SEIS,2,2
202508,NIVEL I,00011421,POLICLINICO PNP HUANUCO,99442,Transporte asistido básico,SEIS,1,1
202508,NIVEL I,00011426,POLICLINICO POLICIAL DE AYACUCHO,99441,Traslado sin riesgo,SEIS,1,1
202508,NIVEL I,00011743,POLICLINICO PNP SANTA ROSA - CUZCO,99441,Traslado sin riesgo,SEIS,9,9
202508,NIVEL II,00011794,HOSPITAL REGIONAL PNP AREQUIPA (JULIO PINTO),99441,Traslado sin riesgo,SEIS,4,4
202508,NIVEL II,00011794,HOSPITAL REGIONAL PNP AREQUIPA (JULIO PINTO),99442,Transporte asistido básico,SEIS,1,1
202508,NIVEL II,00014718,HOSPITAL GERIATRICO PNP SAN JOSE,99441,Traslado sin riesgo,SEIS,4,4
202508,NIVEL II,00014718,HOSPITAL GERIATRICO PNP SAN JOSE,99442,Transporte asistido básico,SEIS,1,1
202508,NIVEL II,00016094,HOSPITAL PNP AUGUSTO B. LEGUIA,99441,Traslado sin riesgo,SEIS,8,8
202508,NIVEL II,00016094,HOSPITAL PNP AUGUSTO B. LEGUIA,99441.02,Traslado sin riesgo (30 min adic.),SEIS,5,4
202508,NIVEL II,00016094,HOSPITAL PNP AUGUSTO B. LEGUIA,99443,Transporte asistido avanzado,SIGESAPOL,3,3
202508,NIVEL II,00016094,HOSPITAL PNP AUGUSTO B. LEGUIA,99443.01,Transporte asistido avanzado (30 min adic.),SEIS,1,1
202509,NIVEL I,00010236,POSTA MEDICA PNP JULIACA,99441.02,Traslado sin riesgo (30 min adic.),SEIS,2,2
202509,NIVEL I,00010679,"POLICLINICO PNP ""AMG"" PIURA",99442,Transporte asistido básico,SEIS,2,2
202509,NIVEL I,00011154,POLICLINICO PNP TRUJILLO,99441,Traslado sin riesgo,SEIS,1,1
202509,NIVEL I,00011154,POLICLINICO PNP TRUJILLO,99441.02,Traslado sin riesgo (30 min adic.),SEIS,1,1
202509,NIVEL I,00011421,POLICLINICO PNP HUANUCO,99441,Traslado sin riesgo,SIGESAPOL,1,1
202509,NIVEL I,00011421,POLICLINICO PNP HUANUCO,99442,Transporte asistido básico,SEIS,1,1
202509,NIVEL I,00011421,POLICLINICO PNP HUANUCO,99442,Transporte asistido básico,SIGESAPOL,1,1
202509,NIVEL I,00011743,POLICLINICO PNP SANTA ROSA - CUZCO,99441,Traslado sin riesgo,SEIS,11,11
202509,NIVEL I,00011743,POLICLINICO PNP SANTA ROSA - CUZCO,99441.02,Traslado sin riesgo (30 min adic.),SEIS,1,1
202509,NIVEL I,00011743,POLICLINICO PNP SANTA ROSA - CUZCO,99442,Transporte asistido básico,SEIS,3,3
202509,NIVEL II,00011794,HOSPITAL REGIONAL PNP AREQUIPA (JULIO PINTO),99441,Traslado sin riesgo,SEIS,1,1
202509,NIVEL II,00014718,HOSPITAL GERIATRICO PNP SAN JOSE,99441,Traslado sin riesgo,SEIS,4,4
202509,NIVEL II,00016094,HOSPITAL PNP AUGUSTO B. LEGUIA,99441,Traslado sin riesgo,SEIS,10,10
202509,NIVEL II,00016094,HOSPITAL PNP AUGUSTO B. LEGUIA,99441.02,Traslado sin riesgo (30 min adic.),SEIS,3,3
202509,NIVEL II,00016094,HOSPITAL PNP AUGUSTO B. LEGUIA,99443,Transporte asistido avanzado,SEIS,1,1
202510,NIVEL I,00010688,POSTA MEDICAPNP SULLANA,99441,Traslado sin riesgo,SIGESAPOL,5,5
202510,NIVEL I,00010710,POLICLINICO PNP HUANCAYO,99441,Traslado sin riesgo,SEIS,1,1
202510,NIVEL I,00011421,POLICLINICO PNP HUANUCO,99441,Traslado sin riesgo,SIGESAPOL,1,1
202510,NIVEL I,00011426,POLICLINICO POLICIAL DE AYACUCHO,99442,Transporte asistido básico,SIGESAPOL,1,1
202510,NIVEL I,00011743,POLICLINICO PNP SANTA ROSA - CUZCO,99441,Traslado sin riesgo,SEIS,4,4
202510,NIVEL II,00014718,HOSPITAL GERIATRICO PNP SAN JOSE,99441,Traslado sin riesgo,SEIS,2,2
202510,NIVEL II,00014718,HOSPITAL GERIATRICO PNP SAN JOSE,99441,Traslado sin riesgo,SIGESAPOL,3,3
202510,NIVEL II,00014718,HOSPITAL GERIATRICO PNP SAN JOSE,99442,Transporte asistido básico,SIGESAPOL,1,1
202510,NIVEL II,00016094,HOSPITAL PNP AUGUSTO B. LEGUIA,99441,Traslado sin riesgo,SEIS,6,6
202510,NIVEL II,00016094,HOSPITAL PNP AUGUSTO B. LEGUIA,99441.02,Traslado sin riesgo (30 min adic.),SEIS,6,6
202510,NIVEL II,00016094,HOSPITAL PNP AUGUSTO B. LEGUIA,99443,Transporte asistido avanzado,SEIS,1,1
202511,NIVEL I,00008036,POLICLINICO PNP ABANCAY,99441,Traslado sin riesgo,SIGESAPOL,2,2
202511,NIVEL I,00010710,POLICLINICO PNP HUANCAYO,99441,Traslado sin riesgo,SEIS,3,3
202511,NIVEL I,00011398,POLICLINICO PNP CHINCHA,99441,Traslado sin riesgo,SIGESAPOL,1,1
202511,NIVEL I,00011421,POLICLINICO PNP HUANUCO,99441,Traslado sin riesgo,SEIS,1,1
202511,NIVEL I,00011743,POLICLINICO PNP SANTA ROSA - CUZCO,99441,Traslado sin riesgo,SEIS,7,7
202511,NIVEL I,00011743,POLICLINICO PNP SANTA ROSA - CUZCO,99441,Traslado sin riesgo,SIGESAPOL,2,2
202511,NIVEL I,00012923,POSTA MEDICA ETS PUENTE PIEDRA,99441,Traslado sin riesgo,SIGESAPOL,1,1
202511,NIVEL II,00011794,HOSPITAL REGIONAL PNP AREQUIPA (JULIO PINTO),99441,Traslado sin riesgo,SEIS,13,10
202511,NIVEL II,00014718,HOSPITAL GERIATRICO PNP SAN JOSE,99441,Traslado sin riesgo,SEIS,1,1
202511,NIVEL II,00016094,HOSPITAL PNP AUGUSTO B. LEGUIA,99441,Traslado sin riesgo,SEIS,11,11
202511,NIVEL II,00016094,HOSPITAL PNP AUGUSTO B. LEGUIA,99441.02,Traslado sin riesgo (30 min adic.),SEIS,7,7
202511,NIVEL II,00016094,HOSPITAL PNP AUGUSTO B. LEGUIA,99442,Transporte asistido básico,SEIS,1,1
202512,NIVEL I,00011421,POLICLINICO PNP HUANUCO,99442,Transporte asistido básico,SIGESAPOL,1,1
202512,NIVEL I,00011528,POLICLINICO PNP TACNA,99441,Traslado sin riesgo,SIGESAPOL,1,1
202512,NIVEL I,00011743,POLICLINICO PNP SANTA ROSA - CUZCO,99441,Traslado sin riesgo,SEIS,1,1
202512,NIVEL II,00011794,HOSPITAL REGIONAL PNP AREQUIPA (JULIO PINTO),99441,Traslado sin riesgo,SEIS,4,4
202512,NIVEL II,00011833,HOSPITAL REGIONAL PNP CHICLAYO,99443,Transporte asistido avanzado,SIGESAPOL,1,1
202512,NIVEL II,00014718,HOSPITAL GERIATRICO PNP SAN JOSE,99441,Traslado sin riesgo,SEIS,12,12
202512,NIVEL II,00014718,HOSPITAL GERIATRICO PNP SAN JOSE,99441,Traslado sin riesgo,SIGESAPOL,2,2
202512,NIVEL II,00014718,HOSPITAL GERIATRICO PNP SAN JOSE,99442,Transporte asistido básico,SEIS,1,1
202512,NIVEL II,00016094,HOSPITAL PNP AUGUSTO B. LEGUIA,99441,Traslado sin riesgo,SEIS,11,10
202512,NIVEL II,00016094,HOSPITAL PNP AUGUSTO B. LEGUIA,99441.02,Traslado sin riesgo (30 min adic.),SEIS,7,7
202512,NIVEL II,00016094,HOSPITAL PNP AUGUSTO B. LEGUIA,99442,Transporte asistido básico,SEIS,3,3
202512,NIVEL II,00016094,HOSPITAL PNP AUGUSTO B. LEGUIA,99442.01,Transporte asistido básico (30 min adic.),SEIS,3,3
202601,NIVEL I,00008036,POLICLINICO PNP ABANCAY,99441,Traslado sin riesgo,SIGESAPOL,1,1
202601,NIVEL I,00008036,POLICLINICO PNP ABANCAY,99441.02,Traslado sin riesgo (30 min adic.),SIGESAPOL,1,1
202601,NIVEL I,00009296,POLICLINICO PNP. CAJAMARCA,99441,Traslado sin riesgo,SIGESAPOL,1,1
202601,NIVEL I,00010148,POLICLINICO PNP PUCALLPA,99441,Traslado sin riesgo,SIGESAPOL,1,1
202601,NIVEL I,00010710,POLICLINICO PNP HUANCAYO,99441,Traslado sin riesgo,SIGESAPOL,1,1
202601,NIVEL I,00010710,POLICLINICO PNP HUANCAYO,99442,Transporte asistido básico,SIGESAPOL,1,1
202601,NIVEL I,00011154,POLICLINICO PNP TRUJILLO,99442,Transporte asistido básico,SIGESAPOL,1,1
202601,NIVEL I,00011743,POLICLINICO PNP SANTA ROSA - CUZCO,99441,Traslado sin riesgo,SIGESAPOL,2,2
202601,NIVEL I,00015236,POSTA MEDICA PNP MOQUEGUA,99442,Transporte asistido básico,SIGESAPOL,1,1
202601,NIVEL II,00011833,HOSPITAL REGIONAL PNP CHICLAYO,99441,Traslado sin riesgo,SIGESAPOL,3,3
202601,NIVEL II,00011833,HOSPITAL REGIONAL PNP CHICLAYO,99441.02,Traslado sin riesgo (30 min adic.),SIGESAPOL,1,1
202601,NIVEL II,00011833,HOSPITAL REGIONAL PNP CHICLAYO,99443,Transporte asistido avanzado,SIGESAPOL,1,1
202601,NIVEL II,00014718,HOSPITAL GERIATRICO PNP SAN JOSE,99441,Traslado sin riesgo,SEIS,3,3
202601,NIVEL II,00014718,HOSPITAL GERIATRICO PNP SAN JOSE,99441,Traslado sin riesgo,SIGESAPOL,1,1
202601,NIVEL II,00016094,HOSPITAL PNP AUGUSTO B. LEGUIA,99441,Traslado sin riesgo,SEIS,7,7
202601,NIVEL II,00016094,HOSPITAL PNP AUGUSTO B. LEGUIA,99441.02,Traslado sin riesgo (30 min adic.),SEIS,3,3
202601,NIVEL II,00016094,HOSPITAL PNP AUGUSTO B. LEGUIA,99442,Transporte asistido básico,SEIS,1,1
202601,NIVEL II,00016094,HOSPITAL PNP AUGUSTO B. LEGUIA,99442.01,Transporte asistido básico (30 min adic.),SEIS,2,2
202601,NIVEL II,00016094,HOSPITAL PNP AUGUSTO B. LEGUIA,99443,Transporte asistido avanzado,SEIS,1,1
202601,NIVEL II,00016094,HOSPITAL PNP AUGUSTO B. LEGUIA,99443.01,Transporte asistido avanzado (30 min adic.),SEIS,1,1
202602,NIVEL I,00010148,POLICLINICO PNP PUCALLPA,99441,Traslado sin riesgo,SIGESAPOL,1,1
202602,NIVEL I,00011743,POLICLINICO PNP SANTA ROSA - CUZCO,99441,Traslado sin riesgo,SIGESAPOL,6,6
202602,NIVEL I,00011894,POSTA MEDICA PNP CHINCHEROS,99442,Transporte asistido básico,SIGESAPOL,1,1
202602,NIVEL II,00011833,HOSPITAL REGIONAL PNP CHICLAYO,99441,Traslado sin riesgo,SIGESAPOL,4,4
202602,NIVEL II,00011833,HOSPITAL REGIONAL PNP CHICLAYO,99443,Transporte asistido avanzado,SIGESAPOL,4,4
202602,NIVEL II,00014718,HOSPITAL GERIATRICO PNP SAN JOSE,99441,Traslado sin riesgo,SEIS,3,2
202602,NIVEL II,00016094,HOSPITAL PNP AUGUSTO B. LEGUIA,99441,Traslado sin riesgo,SEIS,6,6
202602,NIVEL II,00016094,HOSPITAL PNP AUGUSTO B. LEGUIA,99441.02,Traslado sin riesgo (30 min adic.),SEIS,11,11
202602,NIVEL II,00016094,HOSPITAL PNP AUGUSTO B. LEGUIA,99442,Transporte asistido básico,SEIS,2,2
202602,NIVEL II,00016094,HOSPITAL PNP AUGUSTO B. LEGUIA,99442.01,Transporte asistido básico (30 min adic.),SEIS,1,1
202602,NIVEL II,00016094,HOSPITAL PNP AUGUSTO B. LEGUIA,99443,Transporte asistido avanzado,SEIS,2,2
202602,NIVEL II,00016094,HOSPITAL PNP AUGUSTO B. LEGUIA,99443.01,Transporte asistido avanzado (30 min adic.),SEIS,1,1
202603,NIVEL I,00008036,POLICLINICO PNP ABANCAY,99441,Traslado sin riesgo,SIGESAPOL,2,2
202603,NIVEL I,00008036,POLICLINICO PNP ABANCAY,99441.02,Traslado sin riesgo (30 min adic.),SIGESAPOL,2,2
202603,NIVEL I,00010710,POLICLINICO PNP HUANCAYO,99441,Traslado sin riesgo,SIGESAPOL,3,3
202603,NIVEL I,00011528,POLICLINICO PNP TACNA,99441,Traslado sin riesgo,SIGESAPOL,1,1
202603,NIVEL I,00011743,POLICLINICO PNP SANTA ROSA - CUZCO,99441,Traslado sin riesgo,SIGESAPOL,13,12
202603,NIVEL I,00017849,POSTA MEDICA PNP CAÑETE,99441,Traslado sin riesgo,SIGESAPOL,1,1
202603,NIVEL II,00011833,HOSPITAL REGIONAL PNP CHICLAYO,99441,Traslado sin riesgo,SIGESAPOL,3,3
202603,NIVEL II,00011833,HOSPITAL REGIONAL PNP CHICLAYO,99442,Transporte asistido básico,SIGESAPOL,1,1
202603,NIVEL II,00011833,HOSPITAL REGIONAL PNP CHICLAYO,99443,Transporte asistido avanzado,SIGESAPOL,4,4
202603,NIVEL II,00014718,HOSPITAL GERIATRICO PNP SAN JOSE,99441,Traslado sin riesgo,SEIS,2,2
202603,NIVEL II,00014718,HOSPITAL GERIATRICO PNP SAN JOSE,99442,Transporte asistido básico,SEIS,2,2
202603,NIVEL II,00016094,HOSPITAL PNP AUGUSTO B. LEGUIA,99441,Traslado sin riesgo,SEIS,11,11
202603,NIVEL II,00016094,HOSPITAL PNP AUGUSTO B. LEGUIA,99441.02,Traslado sin riesgo (30 min adic.),SEIS,2,2
202603,NIVEL II,00016094,HOSPITAL PNP AUGUSTO B. LEGUIA,99442,Transporte asistido básico,SEIS,4,4
202603,NIVEL II,00016094,HOSPITAL PNP AUGUSTO B. LEGUIA,99442.01,Transporte asistido básico (30 min adic.),SEIS,4,4
202603,NIVEL II,00016094,HOSPITAL PNP AUGUSTO B. LEGUIA,99443,Transporte asistido avanzado,SEIS,3,3
202603,NIVEL II,00016094,HOSPITAL PNP AUGUSTO B. LEGUIA,99443.01,Transporte asistido avanzado (30 min adic.),SEIS,2,2
202604,NIVEL I,00010710,POLICLINICO PNP HUANCAYO,99441,Traslado sin riesgo,SIGESAPOL,8,8
202604,NIVEL I,00011528,POLICLINICO PNP TACNA,99441,Traslado sin riesgo,SIGESAPOL,2,2
202604,NIVEL I,00011743,POLICLINICO PNP SANTA ROSA - CUZCO,99441,Traslado sin riesgo,SIGESAPOL,8,7
202604,NIVEL I,00012740,POLICLINICO PNP. MININTER,99441,Traslado sin riesgo,SIGESAPOL,2,2
202604,NIVEL II,00011833,HOSPITAL REGIONAL PNP CHICLAYO,99441,Traslado sin riesgo,SIGESAPOL,3,3
202604,NIVEL II,00011833,HOSPITAL REGIONAL PNP CHICLAYO,99443,Transporte asistido avanzado,SIGESAPOL,8,8
202604,NIVEL II,00014718,HOSPITAL GERIATRICO PNP SAN JOSE,99441,Traslado sin riesgo,SEIS,10,10
202604,NIVEL II,00014718,HOSPITAL GERIATRICO PNP SAN JOSE,99441.02,Traslado sin riesgo (30 min adic.),SEIS,1,1
202604,NIVEL II,00014718,HOSPITAL GERIATRICO PNP SAN JOSE,99442,Transporte asistido básico,SEIS,1,1
202604,NIVEL II,00016094,HOSPITAL PNP AUGUSTO B. LEGUIA,99441,Traslado sin riesgo,SEIS,7,7
202604,NIVEL II,00016094,HOSPITAL PNP AUGUSTO B. LEGUIA,99441.02,Traslado sin riesgo (30 min adic.),SEIS,2,2
202604,NIVEL II,00016094,HOSPITAL PNP AUGUSTO B. LEGUIA,99442,Transporte asistido básico,SEIS,3,3
202604,NIVEL II,00016094,HOSPITAL PNP AUGUSTO B. LEGUIA,99442.01,Transporte asistido básico (30 min adic.),SEIS,3,3
202604,NIVEL II,00016094,HOSPITAL PNP AUGUSTO B. LEGUIA,99443.01,Transporte asistido avanzado (30 min adic.),SEIS,1,1
202605,NIVEL I,00008036,POLICLINICO PNP ABANCAY,99441,Traslado sin riesgo,SIGESAPOL,4,4
202605,NIVEL I,00008036,POLICLINICO PNP ABANCAY,99441.02,Traslado sin riesgo (30 min adic.),SIGESAPOL,3,3
202605,NIVEL I,00010710,POLICLINICO PNP HUANCAYO,99441,Traslado sin riesgo,SIGESAPOL,2,2
202605,NIVEL I,00011528,POLICLINICO PNP TACNA,99441,Traslado sin riesgo,SIGESAPOL,1,1
202605,NIVEL I,00011743,POLICLINICO PNP SANTA ROSA - CUZCO,99441,Traslado sin riesgo,SIGESAPOL,3,3
202605,NIVEL I,00012740,POLICLINICO PNP. MININTER,99441,Traslado sin riesgo,SIGESAPOL,1,1
202605,NIVEL I,00019390,POSTA MEDICA PNP ETS. SAN BARTOLO,99441,Traslado sin riesgo,SIGESAPOL,1,1
202605,NIVEL II,00011833,HOSPITAL REGIONAL PNP CHICLAYO,99441,Traslado sin riesgo,SIGESAPOL,1,1
202605,NIVEL II,00011833,HOSPITAL REGIONAL PNP CHICLAYO,99443,Transporte asistido avanzado,SIGESAPOL,3,3
202605,NIVEL II,00014718,HOSPITAL GERIATRICO PNP SAN JOSE,99441,Traslado sin riesgo,SEIS,6,6
202605,NIVEL II,00014718,HOSPITAL GERIATRICO PNP SAN JOSE,99441,Traslado sin riesgo,SIGESAPOL,1,1
202605,NIVEL II,00016094,HOSPITAL PNP AUGUSTO B. LEGUIA,99441,Traslado sin riesgo,SEIS,4,4
202605,NIVEL II,00016094,HOSPITAL PNP AUGUSTO B. LEGUIA,99442,Transporte asistido básico,SEIS,2,2
202605,NIVEL II,00016094,HOSPITAL PNP AUGUSTO B. LEGUIA,99442.01,Transporte asistido básico (30 min adic.),SEIS,4,4
202605,NIVEL II,00016094,HOSPITAL PNP AUGUSTO B. LEGUIA,99443,Transporte asistido avanzado,SIGESAPOL,1,1
202606,NIVEL I,00011743,POLICLINICO PNP SANTA ROSA - CUZCO,99441,Traslado sin riesgo,SIGESAPOL,3,3
202606,NIVEL I,00011743,POLICLINICO PNP SANTA ROSA - CUZCO,99441.02,Traslado sin riesgo (30 min adic.),SIGESAPOL,1,1
202606,NIVEL I,00019390,POSTA MEDICA PNP ETS. SAN BARTOLO,99441,Traslado sin riesgo,SIGESAPOL,1,1
202606,NIVEL II,00011833,HOSPITAL REGIONAL PNP CHICLAYO,99441,Traslado sin riesgo,SIGESAPOL,2,2
202606,NIVEL II,00011833,HOSPITAL REGIONAL PNP CHICLAYO,99442,Transporte asistido básico,SIGESAPOL,2,2
202606,NIVEL II,00014718,HOSPITAL GERIATRICO PNP SAN JOSE,99441,Traslado sin riesgo,SEIS,5,4
202606,NIVEL II,00016094,HOSPITAL PNP AUGUSTO B. LEGUIA,99441,Traslado sin riesgo,SEIS,1,1
202606,NIVEL II,00016094,HOSPITAL PNP AUGUSTO B. LEGUIA,99441.02,Traslado sin riesgo (30 min adic.),SEIS,1,1
202606,NIVEL II,00016094,HOSPITAL PNP AUGUSTO B. LEGUIA,99442,Transporte asistido básico,SEIS,3,3
202606,NIVEL II,00016094,HOSPITAL PNP AUGUSTO B. LEGUIA,99442.01,Transporte asistido básico (30 min adic.),SEIS,3,3
202607,NIVEL I,00010710,POLICLINICO PNP HUANCAYO,99441,Traslado sin riesgo,SIGESAPOL,1,1
202607,NIVEL I,00011528,POLICLINICO PNP TACNA,99441,Traslado sin riesgo,SIGESAPOL,1,1
202607,NIVEL I,00011743,POLICLINICO PNP SANTA ROSA - CUZCO,99441.02,Traslado sin riesgo (30 min adic.),SIGESAPOL,1,1
202607,NIVEL I,00012664,POSTA MEDICA PNP CARABAYLLO,99441,Traslado sin riesgo,SIGESAPOL,1,1
202607,NIVEL I,00015771,POSTA MEDICA PNP TINGO MARIA,99442,Transporte asistido básico,SIGESAPOL,1,1
202607,NIVEL I,00018077,POLICLINICO POLICIAL MOYOBAMBA,99441,Traslado sin riesgo,SIGESAPOL,2,1
202607,NIVEL II,00011833,HOSPITAL REGIONAL PNP CHICLAYO,99442,Transporte asistido básico,SIGESAPOL,1,1
202607,NIVEL II,00011833,HOSPITAL REGIONAL PNP CHICLAYO,99442.01,Transporte asistido básico (30 min adic.),SIGESAPOL,1,1
202607,NIVEL II,00011833,HOSPITAL REGIONAL PNP CHICLAYO,99443,Transporte asistido avanzado,SIGESAPOL,3,3
202607,NIVEL II,00014718,HOSPITAL GERIATRICO PNP SAN JOSE,99441,Traslado sin riesgo,SEIS,3,3
202607,NIVEL II,00016094,HOSPITAL PNP AUGUSTO B. LEGUIA,99441,Traslado sin riesgo,SEIS,5,5
202607,NIVEL II,00016094,HOSPITAL PNP AUGUSTO B. LEGUIA,99441.02,Traslado sin riesgo (30 min adic.),SEIS,3,3
202607,NIVEL II,00016094,HOSPITAL PNP AUGUSTO B. LEGUIA,99442,Transporte asistido básico,SEIS,6,6
202607,NIVEL II,00016094,HOSPITAL PNP AUGUSTO B. LEGUIA,99442.01,Transporte asistido básico (30 min adic.),SEIS,10,10
202608,NIVEL I,00008036,POLICLINICO PNP ABANCAY,99441,Traslado sin riesgo,SIGESAPOL,2,2
202608,NIVEL I,00011743,POLICLINICO PNP SANTA ROSA - CUZCO,99441,Traslado sin riesgo,SIGESAPOL,1,1
202608,NIVEL I,00018077,POLICLINICO POLICIAL MOYOBAMBA,99442,Transporte asistido básico,SIGESAPOL,1,1
202608,NIVEL II,00011833,HOSPITAL REGIONAL PNP CHICLAYO,99443,Transporte asistido avanzado,SIGESAPOL,4,4
202608,NIVEL II,00014718,HOSPITAL GERIATRICO PNP SAN JOSE,99441,Traslado sin riesgo,SEIS,1,1
202608,NIVEL II,00014718,HOSPITAL GERIATRICO PNP SAN JOSE,99442,Transporte asistido básico,SEIS,2,2
202608,NIVEL II,00016094,HOSPITAL PNP AUGUSTO B. LEGUIA,99441,Traslado sin riesgo,SEIS,3,3
202608,NIVEL II,00016094,HOSPITAL PNP AUGUSTO B. LEGUIA,99441.02,Traslado sin riesgo (30 min adic.),SEIS,1,1
202608,NIVEL II,00016094,HOSPITAL PNP AUGUSTO B. LEGUIA,99442,Transporte asistido básico,SEIS,2,2
202608,NIVEL II,00016094,HOSPITAL PNP AUGUSTO B. LEGUIA,99442.01,Transporte asistido básico (30 min adic.),SEIS,6,6
