NIVEL_DE_IPRESS,IPRESS,NOMBRE_IPRESS,CIE10,DESCRIPCION_CIE10,CANTIDAD_DE_DEFUNCIONES,ES_DX_Z
NIVEL II,00011794,HOSPITAL REGIONAL PNP AREQUIPA,G93.4,ENCEFALOPATIA NO ESPECIFICADA,3,NO
NIVEL II,00011794,HOSPITAL REGIONAL PNP AREQUIPA,J15.9,"NEUMONIA BACTERIANA, NO ESPECIFICADA",2,NO
NIVEL II,00011794,HOSPITAL REGIONAL PNP AREQUIPA,J18.9,"NEUMONIA, NO ESPECIFICADA",2,NO
NIVEL II,00011794,HOSPITAL REGIONAL PNP AREQUIPA,J84.9,"ENFERMEDAD PULMONAR INTERSTICIAL, NO ESPECIFICADA",2,NO
NIVEL II,00011794,HOSPITAL REGIONAL PNP AREQUIPA,C67.9,"TUMOR MALIGNO DE LA VEJIGA URINARIA, PARTE NO ESPECIFICADA",1,NO
NIVEL II,00011794,HOSPITAL REGIONAL PNP AREQUIPA,D14.1,TUMOR BENIGNO DE LA LARINGE,1,NO
NIVEL II,00011794,HOSPITAL REGIONAL PNP AREQUIPA,D64.8,OTRAS ANEMIAS ESPECIFICADAS,1,NO
NIVEL II,00011794,HOSPITAL REGIONAL PNP AREQUIPA,I48.9,"FIBRILACION AURICULAR Y EL ALETEO AURICULAR, SIN OTRA ESPECIFICACION",1,NO
NIVEL II,00011794,HOSPITAL REGIONAL PNP AREQUIPA,I50.0,INSUFICIENCIA CARDIACA CONGESTIVA,1,NO
NIVEL II,00011794,HOSPITAL REGIONAL PNP AREQUIPA,I50.9,"INSUFICIENCIA CARDIACA, NO ESPECIFICADA",1,NO
NIVEL II,00011794,HOSPITAL REGIONAL PNP AREQUIPA,J96.0,INSUFICIENCIA RESPIRATORIA AGUDA,1,NO
NIVEL II,00011794,HOSPITAL REGIONAL PNP AREQUIPA,N39.0,"INFECCION DE VIAS URINARIAS, SITIO NO ESPECIFICADO",1,NO
NIVEL II,00011794,HOSPITAL REGIONAL PNP AREQUIPA,R57.1,CHOQUE HIPOVOLEMICO,1,NO
NIVEL II,00014718,HOSPITAL GERIATRICO PNP SAN JOSE,J96.0,INSUFICIENCIA RESPIRATORIA AGUDA,16,NO
NIVEL II,00014718,HOSPITAL GERIATRICO PNP SAN JOSE,J18.9,"NEUMONIA, NO ESPECIFICADA",6,NO
NIVEL II,00014718,HOSPITAL GERIATRICO PNP SAN JOSE,I50.9,"INSUFICIENCIA CARDIACA, NO ESPECIFICADA",3,NO
NIVEL II,00014718,HOSPITAL GERIATRICO PNP SAN JOSE,I50.0,INSUFICIENCIA CARDIACA CONGESTIVA,2,NO
NIVEL II,00014718,HOSPITAL GERIATRICO PNP SAN JOSE,N18.9,"INSUFICIENCIA RENAL CRONICA, NO ESPECIFICADA",2,NO
NIVEL II,00014718,HOSPITAL GERIATRICO PNP SAN JOSE,C18.9,"TUMOR MALIGNO DEL COLON, PARTE NO ESPECIFICADA",1,NO
NIVEL II,00014718,HOSPITAL GERIATRICO PNP SAN JOSE,C61.X,TUMOR MALIGNO DE LA PROSTATA,1,NO
NIVEL II,00014718,HOSPITAL GERIATRICO PNP SAN JOSE,C64.X,"TUMOR MALIGNO DEL RINON, EXCEPTO DE LA PELVIS RENAL",1,NO
NIVEL II,00014718,HOSPITAL GERIATRICO PNP SAN JOSE,C71.9,"TUMOR MALIGNO DEL ENCEFALO, PARTE NO ESPECIFICADA",1,NO
NIVEL II,00014718,HOSPITAL GERIATRICO PNP SAN JOSE,I21.9,"INFARTO AGUDO DEL MIOCARDIO, SIN OTRA ESPECIFICACION",1,NO
NIVEL II,00014718,HOSPITAL GERIATRICO PNP SAN JOSE,I26.0,EMBOLIA PULMONAR CON MENCION DE CORAZON PULMONAR AGUDO,1,NO
NIVEL II,00014718,HOSPITAL GERIATRICO PNP SAN JOSE,I46.1,"MUERTE CARDIACA SUBITA, ASI DESCRITA",1,NO
NIVEL II,00014718,HOSPITAL GERIATRICO PNP SAN JOSE,J84.9,"ENFERMEDAD PULMONAR INTERSTICIAL, NO ESPECIFICADA",1,NO
NIVEL II,00014718,HOSPITAL GERIATRICO PNP SAN JOSE,J96.9,"INSUFICIENCIA RESPIRATORIA, NO ESPECIFICADA",1,NO
NIVEL II,00014718,HOSPITAL GERIATRICO PNP SAN JOSE,N39.0,"INFECCION DE VIAS URINARIAS, SITIO NO ESPECIFICADO",1,NO
NIVEL II,00014718,HOSPITAL GERIATRICO PNP SAN JOSE,R90.0,LESION QUE OCUPA EL ESPACIO INTRACRANEAL,1,NO
NIVEL II,00016094,HOSPITAL PNP AUGUSTO B. LEGUIA,L03.1,CELULITIS DE OTRAS PARTES DE LOS MIEMBROS,1,NO
