NIVEL_DE_IPRESS,CIE10,DESCRIPCION_CIE10,CANTIDAD_DE_DEFUNCIONES,ES_DX_Z
NIVEL II,J96.0,INSUFICIENCIA RESPIRATORIA AGUDA,17,NO
NIVEL II,J18.9,"NEUMONIA, NO ESPECIFICADA",8,NO
NIVEL II,I50.9,"INSUFICIENCIA CARDIACA, NO ESPECIFICADA",4,NO
NIVEL II,G93.4,ENCEFALOPATIA NO ESPECIFICADA,3,NO
NIVEL II,I50.0,INSUFICIENCIA CARDIACA CONGESTIVA,3,NO
NIVEL II,J84.9,"ENFERMEDAD PULMONAR INTERSTICIAL, NO ESPECIFICADA",3,NO
NIVEL II,J15.9,"NEUMONIA BACTERIANA, NO ESPECIFICADA",2,NO
NIVEL II,N18.9,"INSUFICIENCIA RENAL CRONICA, NO ESPECIFICADA",2,NO
NIVEL II,N39.0,"INFECCION DE VIAS URINARIAS, SITIO NO ESPECIFICADO",2,NO
NIVEL II,C18.9,"TUMOR MALIGNO DEL COLON, PARTE NO ESPECIFICADA",1,NO
NIVEL II,C61.X,TUMOR MALIGNO DE LA PROSTATA,1,NO
NIVEL II,C64.X,"TUMOR MALIGNO DEL RINON, EXCEPTO DE LA PELVIS RENAL",1,NO
NIVEL II,C67.9,"TUMOR MALIGNO DE LA VEJIGA URINARIA, PARTE NO ESPECIFICADA",1,NO
NIVEL II,C71.9,"TUMOR MALIGNO DEL ENCEFALO, PARTE NO ESPECIFICADA",1,NO
NIVEL II,D14.1,TUMOR BENIGNO DE LA LARINGE,1,NO
NIVEL II,D64.8,OTRAS ANEMIAS ESPECIFICADAS,1,NO
NIVEL II,I21.9,"INFARTO AGUDO DEL MIOCARDIO, SIN OTRA ESPECIFICACION",1,NO
NIVEL II,I26.0,EMBOLIA PULMONAR CON MENCION DE CORAZON PULMONAR AGUDO,1,NO
NIVEL II,I46.1,"MUERTE CARDIACA SUBITA, ASI DESCRITA",1,NO
NIVEL II,I48.9,"FIBRILACION AURICULAR Y EL ALETEO AURICULAR, SIN OTRA ESPECIFICACION",1,NO
NIVEL II,J96.9,"INSUFICIENCIA RESPIRATORIA, NO ESPECIFICADA",1,NO
NIVEL II,L03.1,CELULITIS DE OTRAS PARTES DE LOS MIEMBROS,1,NO
NIVEL II,R57.1,CHOQUE HIPOVOLEMICO,1,NO
NIVEL II,R90.0,LESION QUE OCUPA EL ESPACIO INTRACRANEAL,1,NO
